{
    "cycles_program_begin": 1997185186748956,
    "CurCompileModules": [
        "...MASTER...",
        "std",
        "tb_ooocpu",
        "sii_sync",
        "sii_pos",
        "ahb_bus_decoder",
        "decoder",
        "gpr_0000",
        "issue_queue_InO_0000",
        "ooocpu",
        "ooocpu",
        "id_reg",
        "mul_csa",
        "cpu_ctrl",
        "issue_queue_ctrl",
        "rat_0000"
    ],
    "stat": {
        "ru_self_cgstart": {
            "ru_utime_sec": 0.98414900000000005,
            "ru_stime_sec": 0.14083699999999999,
            "ru_minflt": 27796,
            "ru_maxrss_kb": 90420,
            "ru_majflt": 0,
            "ru_nivcsw": 31,
            "ru_nvcsw": 22
        },
        "ru_childs_cgstart": {
            "ru_utime_sec": 0.002209,
            "ru_stime_sec": 0.013939999999999999,
            "ru_minflt": 5797,
            "ru_maxrss_kb": 37432,
            "ru_majflt": 0,
            "ru_nivcsw": 6,
            "ru_nvcsw": 16
        },
        "mop/quad": 2.993465760585468,
        "nMops": 263419,
        "cpu_cycles_total": 5060070020,
        "totalObjSize": 833030,
        "cpu_cycles_cgstart": 1997188947936458,
        "cpu_cycles_end": 1997190246818976,
        "nQuads": 87998,
        "mopSpeed": 742399.68885719881,
        "ru_self_end": {
            "ru_utime_sec": 1.3372839999999999,
            "ru_stime_sec": 0.16800000000000001,
            "ru_minflt": 35235,
            "ru_maxrss_kb": 104836,
            "ru_majflt": 0,
            "ru_nivcsw": 34,
            "ru_nvcsw": 23
        },
        "ru_childs_end": {
            "ru_utime_sec": 0.003895,
            "ru_stime_sec": 0.013939999999999999,
            "ru_minflt": 6391,
            "ru_maxrss_kb": 37804,
            "ru_majflt": 0,
            "ru_nivcsw": 8,
            "ru_nvcsw": 17
        },
        "Frontend(%)": 73.544098140516667,
        "quadSpeed": 248006.74142736773,
        "realTime": 1.3957970142364502,
        "outputSizePerQuad": 9.4664651469351568,
        "CodeGen(%)": 26.455901859483323,
        "peak_mem_kb": 294036
    },
    "perf": [
        {
            "stat": [
                "main",
                "entry",
                0.013072013854980469,
                0.022988000000000001,
                0.013793,
                211404,
                211404,
                0.0,
                0.0,
                1719988169.103894,
                1997185186945646
            ],
            "sub": [
                {
                    "stat": [
                        "doParsingAndDesignResolution",
                        "entry",
                        0.021064043045043945,
                        0.022988000000000001,
                        0.020705999999999999,
                        267300,
                        268100,
                        0.0,
                        0.0,
                        1719988169.111886,
                        1997185216156304
                    ],
                    "sub": []
                },
                {
                    "stat": [
                        "doParsingAndDesignResolution",
                        "exit",
                        0.10062003135681152,
                        0.081249000000000002,
                        0.047793000000000002,
                        277088,
                        277736,
                        0.0,
                        0.0,
                        1719988169.191442,
                        1997185507364570
                    ],
                    "sub": []
                },
                {
                    "stat": [
                        "doPostDesignResolutionToVir2Vcs",
                        "entry",
                        0.10634994506835938,
                        0.081249000000000002,
                        0.053955000000000003,
                        277088,
                        277736,
                        0.0,
                        0.0,
                        1719988169.1971719,
                        1997185528283104
                    ],
                    "sub": [
                        {
                            "stat": [
                                "doUptoVir2VcsNoSepCleanup",
                                "entry",
                                0.27069807052612305,
                                0.243871,
                                0.068057000000000006,
                                281228,
                                281232,
                                0.0,
                                0.0,
                                1719988169.3615201,
                                1997186129716414
                            ],
                            "sub": []
                        },
                        {
                            "stat": [
                                "doUptoVir2VcsNoSepCleanup",
                                "exit",
                                0.9753880500793457,
                                0.93972599999999995,
                                0.13051699999999999,
                                292780,
                                292800,
                                0.0,
                                0.0,
                                1719988170.06621,
                                1997188708534094
                            ],
                            "sub": []
                        },
                        {
                            "stat": [
                                "doRadify_vir2vcsAll",
                                "entry",
                                0.97544312477111816,
                                0.93977900000000003,
                                0.130524,
                                292780,
                                292800,
                                0.0,
                                0.0,
                                1719988170.0662651,
                                1997188708675228
                            ],
                            "sub": []
                        },
                        {
                            "stat": [
                                "doRadify_vir2vcsAll",
                                "exit",
                                1.0225241184234619,
                                0.98410299999999995,
                                0.13686200000000001,
                                292780,
                                292800,
                                0.0,
                                0.0,
                                1719988170.1133461,
                                1997188881009430
                            ],
                            "sub": []
                        }
                    ]
                },
                {
                    "stat": [
                        "doPostDesignResolutionToVir2Vcs",
                        "exit",
                        1.0225551128387451,
                        0.98413300000000004,
                        0.13686599999999999,
                        292780,
                        292800,
                        0.0,
                        0.0,
                        1719988170.1133771,
                        1997188881074370
                    ],
                    "sub": []
                },
                {
                    "stat": [
                        "doGAToPass2",
                        "entry",
                        1.0225720405578613,
                        0.98414900000000005,
                        0.13686799999999999,
                        292780,
                        292800,
                        0.0,
                        0.0,
                        1719988170.113394,
                        1997188881134006
                    ],