{
    "cycles_program_begin": 2007775072618283,
    "CompileProcesses": [
        "cgproc.75723.json"
    ],
    "cpu_cycles_pass2_start": 2007778766480131,
    "perf": [
        {
            "stat": [
                "main",
                "entry",
                0.013401985168457031,
                0.037468000000000001,
                0.0,
                211404,
                211404,
                0.0,
                0.0,
                1719991282.0585971,
                2007775072826397
            ],
            "sub": [
                {
                    "stat": [
                        "doParsingAndDesignResolution",
                        "entry",
                        0.023376941680908203,
                        0.037468000000000001,
                        0.0084229999999999999,
                        267300,
                        268100,
                        0.0,
                        0.0,
                        1719991282.068572,
                        2007775109070516
                    ],
                    "sub": []
                },
                {
                    "stat": [
                        "doParsingAndDesignResolution",
                        "exit",
                        0.085555791854858398,
                        0.077213000000000004,
                        0.035097000000000003,
                        277088,
                        277736,
                        0.0,
                        0.0,
                        1719991282.1307509,
                        2007775335286252
                    ],
                    "sub": []
                },
                {
                    "stat": [
                        "doPostDesignResolutionToVir2Vcs",
                        "entry",
                        0.091559886932373047,
                        0.077213000000000004,
                        0.041520000000000001,
                        277088,
                        277736,
                        0.0,
                        0.0,
                        1719991282.136755,
                        2007775357068080
                    ],
                    "sub": [
                        {
                            "stat": [
                                "doUptoVir2VcsNoSepCleanup",
                                "entry",
                                0.25650596618652344,
                                0.24476600000000001,
                                0.050393,
                                281228,
                                281232,
                                0.0,
                                0.0,
                                1719991282.3017011,
                                2007775957120616
                            ],
                            "sub": []
                        },
                        {
                            "stat": [
                                "doUptoVir2VcsNoSepCleanup",
                                "exit",
                                0.96169185638427734,
                                0.92429600000000001,
                                0.12509200000000001,
                                292780,
                                292800,
                                0.0,
                                0.0,
                                1719991283.006887,
                                2007778521922618
                            ],
                            "sub": []
                        },
                        {
                            "stat": [
                                "doRadify_vir2vcsAll",
                                "entry",
                                0.96174979209899902,
                                0.92435100000000003,
                                0.12509999999999999,
                                292780,
                                292800,
                                0.0,
                                0.0,
                                1719991283.0069449,
                                2007778522066064
                            ],
                            "sub": []
                        },
                        {
                            "stat": [
                                "doRadify_vir2vcsAll",
                                "exit",
                                1.0102658271789551,
                                0.963669,
                                0.13766700000000001,
                                292780,
                                292800,
                                0.0,
                                0.0,
                                1719991283.0554609,
                                2007778698573444
                            ],
                            "sub": []
                        }
                    ]
                },
                {
                    "stat": [
                        "doPostDesignResolutionToVir2Vcs",
                        "exit",
                        1.0102989673614502,
                        0.96370100000000003,
                        0.13767099999999999,
                        292780,
                        292800,
                        0.0,
                        0.0,
                        1719991283.0554941,
                        2007778698638350
                    ],
                    "sub": []
                },
                {
                    "stat": [
                        "doGAToPass2",
                        "entry",
                        1.0103158950805664,
                        0.96371799999999996,
                        0.13767399999999999,
                        292780,
                        292800,
                        0.0,
                        0.0,
                        1719991283.055511,
                        2007778698698326
                    ],
                    "sub": [
                        {
                            "stat": [
                                "DoPass2",
                                "entry",
                                1.0289328098297119,
                                0.96371799999999996,
                                0.14160600000000001,
                                290444,
                                292800,
                                0.0039329999999999999,
                                0.012407,
                                1719991283.0741279,
                                2007778766463913
                            ],
                            "sub": []
                        },
                        {
                            "stat": [
                                "DoPass2",
                                "exit",
                                1.4478459358215332,
                                1.3949370000000001,
                                0.156891,
                                294008,
                                294036,
                                0.0039329999999999999,
                                0.014002000000000001,
                                1719991283.493041,
                                2007780290099793
                            ],
                            "sub": []
                        }
                    ]
                },
                {
                    "stat": [
                        "doGAToPass2",
                        "exit",
                        1.4513440132141113,
                        1.3949370000000001,
                        0.16062299999999999,
                        294008,
                        294036,
                        0.0039329999999999999,
                        0.014002000000000001,
                        1719991283.4965391,
                        2007780302879713
                    ],