{
    "Modules": {
        "mul_csa": {
            "nMops": 771,
            "child_modules": {},
            "start_perf": [
                1.3675079345703125,
                1.310546,
                0.15534100000000001,
                294012,
                294016,
                1719991283.412703,
                2007779997863163
            ],
            "Compiled": "Yes",
            "nRouts": 11,
            "Compiled Times": 31,
            "nQuads": 83,
            "end_perf": [
                1.3684189319610596,
                1.31152,
                0.15534100000000001,
                294012,
                294016,
                2007780001198563,
                81604378625,
                0
            ]
        },
        "...MASTER...": {
            "nMops": 9,
            "child_modules": {
                "sii_sync": 1,
                "std": 1,
                "ahb_bus_decoder": 1,
                "sii_pos": 1,
                "tb_ooocpu": 1
            },
            "start_perf": [
                1.029019832611084,
                0.96371799999999996,
                0.14169899999999999,
                290444,
                292800,
                1719991283.0742149,
                2007778766733839
            ],
            "nQuads": 7,
            "end_perf": [
                1.0321559906005859,
                0.96371799999999996,
                0.143481,
                290456,
                292800,
                2007778778156275,
                0,
                0
            ],
            "nRouts": 10
        },
        "gpr_0000": {
            "nMops": 4612,
            "child_modules": {},
            "start_perf": [
                1.1577489376068115,
                1.0862369999999999,
                0.15527099999999999,
                290472,
                292800,
                1719991283.202944,
                2007779234935463
            ],
            "Compiled": "Yes",
            "nRouts": 154,
            "Compiled Times": 31,
            "nQuads": 1846,
            "end_perf": [
                1.1626060009002686,
                1.091432,
                0.15527099999999999,
                290472,
                292800,
                2007779252613695,
                42949672961,
                0
            ]
        },
        "std": {
            "child_modules": {},
            "nMops": 528,
            "start_perf": [
                1.0322098731994629,
                0.96371799999999996,
                0.143538,
                290456,
                292800,
                1719991283.077405,
                2007778778335115
            ],
            "Compiled": "Yes",
            "Compiled Times": 31,
            "nQuads": 218,
            "end_perf": [
                1.0341668128967285,
                0.96371799999999996,
                0.14563100000000001,
                290472,
                292800,
                2007778785468179,
                8589934594,
                0
            ],
            "svclass": [
                "$vcs_nba_dyn_obj",
                0,
                35,
                2,
                2,
                0,
                "sigprop$$",
                0,
                35,
                2,
                2,
                0,
                "process",
                0,
                200,
                8,
                8,
                0,
                "event",
                0,
                34,
                2,
                2,
                0,
                "mailbox",
                0,
                140,
                9,
                9,
                0,
                "semaphore",
                0,
                84,
                5,
                5,
                0
            ],
            "nRouts": 33
        },
        "ahb_bus_decoder": {
            "nMops": 1151,
            "child_modules": {},
            "start_perf": [
                1.1507148742675781,
                1.0789279999999999,
                0.155055,
                290472,
                292800,
                1719991283.19591,
                2007779209341963
            ],
            "Compiled": "Yes",
            "nRouts": 53,
            "Compiled Times": 30,
            "nQuads": 359,
            "end_perf": [
                1.1522989273071289,
                1.0804100000000001,
                0.15526799999999999,
                290472,
                292800,
                2007779215134781,
                30064771073,
                0
            ]
        },
        "sii_pos": {
            "nMops": 168,
            "child_modules": {},
            "start_perf": [
                1.1499419212341309,
                1.0782050000000001,
                0.15495100000000001,
                290472,
                292800,
                1719991283.195137,
                2007779206531693
            ],
            "Compiled": "Yes",
            "nRouts": 18,
            "Compiled Times": 30,
            "nQuads": 88,
            "end_perf": [
                1.1506907939910889,
                1.078905,
                0.155052,
                290472,
                292800,
                2007779209282905,
                25769803777,
                0
            ]
        },
        "decoder": {
            "nMops": 7591,
            "child_modules": {},
            "start_perf": [
                1.1523230075836182,
                1.0804320000000001,
                0.15527099999999999,
                290472,
                292800,
                1719991283.1975181,
                2007779215192819
            ],
            "Compiled": "Yes",
            "nRouts": 65,
            "Compiled Times": 31,
            "nQuads": 1627,
            "end_perf": [
                1.1577248573303223,
                1.086211,
                0.15527099999999999,
                290472,
                292800,
                2007779234870727,
                34359738369,
                0
            ]
        },
        "rat_0000": {
            "nMops": 9774,
            "child_modules": {},
            "start_perf": [
                1.4132468700408936,
                1.357926,
                0.156891,
                294012,
                294016,
                1719991283.458442,
                2007780164269465
            ],
            "Compiled": "Yes",
            "nRouts": 172,
            "Compiled Times": 31,
            "nQuads": 3426,
            "end_perf": [
                1.4462008476257324,
                1.3931770000000001,
                0.156891,
                294012,
                294036,
                2007780284139695,
                141733920769,
                0
            ]
        },
        "tb_ooocpu": {
            "nMops": 115629,
            "child_modules": {
                "ooocpu": 1
            },
            "start_perf": [
                1.0341958999633789,
                0.96371799999999996,
                0.14566299999999999,
                290472,
                292800,
                1719991283.079391,
                2007778785554607
            ],
            "Compiled": "Yes",
            "nRouts": 3645,
            "Compiled Times": 30,
            "nQuads": 43609,
            "end_perf": [
                1.1488378047943115,
                1.077172,
                0.154803,
                290472,
                292800,
                2007779202589087,
                12884901889,
                0
            ]
        },
        "sii_sync": {
            "nMops": 161,
            "child_modules": {},
            "start_perf": [
                1.148892879486084,
                1.077224,
                0.15481,
                290472,
                292800,
                1719991283.194088,
                2007779202720803
            ],
            "Compiled": "Yes",