{
    "stat": {
        "ru_self_end": {
            "ru_minflt": 35046,
            "ru_utime_sec": 1.0715539999999999,
            "ru_maxrss_kb": 104156,
            "ru_stime_sec": 0.11709899999999999,
            "ru_nivcsw": 30,
            "ru_nvcsw": 22,
            "ru_majflt": 0
        },
        "ru_childs_end": {
            "ru_minflt": 6391,
            "ru_utime_sec": 0.00088699999999999998,
            "ru_maxrss_kb": 37704,
            "ru_stime_sec": 0.018435,
            "ru_nivcsw": 8,
            "ru_nvcsw": 16,
            "ru_majflt": 0
        },
        "cpu_cycles_end": 1818451511868810,
        "peak_mem_kb": 293424
    },
    "reusePaths": {
        "F2543_d": {
            "icPath": "csrc"
        },
        "tjpxB_d": {
            "icPath": "csrc"
        },
        "amcQw_d": {
            "icPath": "csrc"
        },
        "Vmcef_d": {
            "icPath": "csrc"
        },
        "reYIK_d": {
            "icPath": "csrc"
        },
        "cNNTf_d": {
            "icPath": "csrc"
        },
        "HM6Si_d": {
            "icPath": "csrc"
        },
        "VqmQe_d": {
            "icPath": "csrc"
        },
        "zf0bY_d": {
            "icPath": "csrc"
        },
        "NchRM_d": {
            "icPath": "csrc"
        },
        "ZdEM4_d": {
            "icPath": "csrc"
        },
        "px7MH_d": {
            "icPath": "csrc"
        },
        "DxFvz_d": {
            "icPath": "csrc"
        }
    },
    "Modules": {
        "...MASTER...": {
            "start_perf": [
                0.73739504814147949,
                0.65426799999999996,
                0.087570999999999996,
                290344,
                292700,
                1719419938.246032,
                1818449985542030
            ],
            "child_modules": {
                "sii_sync": 1,
                "ahb_bus_decoder": 1,
                "std": 1,
                "tb_ooocpu": 1,
                "sii_pos": 1
            },
            "end_perf": [
                0.74209499359130859,
                0.65426799999999996,
                0.090231000000000006,
                290356,
                292700,
                1818450001543303,
                0,
                0
            ],
            "nQuads": 7,
            "nMops": 9,
            "nRouts": 10
        },
        "std": {
            "start_perf": [
                0.74216294288635254,
                0.65426799999999996,
                0.090300000000000005,
                290356,
                292700,
                1719419938.2507999,
                1818450001751213
            ],
            "child_modules": {},
            "Compiled": "Yes",
            "nMops": 528,
            "Compiled Times": 19,
            "end_perf": [
                0.74435305595397949,
                0.65426799999999996,
                0.092489000000000002,
                290372,
                292700,
                1818450009210575,
                8589934594,
                0
            ],
            "svclass": [
                "$vcs_nba_dyn_obj",
                0,
                35,
                2,
                2,
                0,
                "sigprop$$",
                0,
                35,
                2,
                2,
                0,
                "process",
                0,
                200,
                8,
                8,
                0,
                "event",
                0,
                34,
                2,
                2,
                0,
                "mailbox",
                0,
                140,
                9,
                9,
                0,
                "semaphore",
                0,
                84,
                5,
                5,
                0
            ],
            "nQuads": 218,
            "nRouts": 33
        },
        "mul_csa": {
            "start_perf": [
                1.1348600387573242,
                1.024548,
                0.11268599999999999,
                293400,
                293424,
                1719419938.643497,
                1818451336938810
            ],
            "Compiled": "Yes",
            "child_modules": {},
            "nMops": 771,
            "Compiled Times": 19,
            "end_perf": [
                1.1357171535491943,
                1.025404,
                0.11268599999999999,
                293400,
                293424,
                1818451339875424,
                81604378625,
                0
            ],
            "nQuads": 83,
            "nRouts": 11
        },
        "tb_ooocpu": {
            "start_perf": [
                0.74438309669494629,
                0.65426799999999996,
                0.092520000000000005,
                290372,
                292700,
                1719419938.25302,
                1818450009295099
            ],
            "Compiled": "Yes",
            "child_modules": {
                "ooocpu": 1
            },
            "nMops": 115629,
            "Compiled Times": 18,
            "end_perf": [
                0.8978121280670166,
                0.78765700000000005,
                0.112522,
                290372,
                292700,
                1818450531074852,
                12884901889,
                0
            ],
            "nQuads": 43609,
            "nRouts": 3645
        },
        "sii_sync": {
            "start_perf": [
                0.89787602424621582,
                0.78771400000000003,
                0.11253000000000001,
                290372,
                292700,
                1719419938.406513,
                1818450531188310
            ],
            "Compiled": "Yes",
            "child_modules": {},
            "nMops": 161,
            "Compiled Times": 18,
            "end_perf": [
                0.89909005165100098,
                0.78877600000000003,
                0.112682,
                290372,
                292700,
                1818450535340186,
                21474836481,
                0
            ],
            "nQuads": 108,
            "nRouts": 23
        },
        "id_reg": {
            "start_perf": [
                1.129021167755127,
                1.0187079999999999,
                0.11268599999999999,
                293400,
                293400,
                1719419938.6376581,
                1818451317084816
            ],
            "Compiled": "Yes",
            "child_modules": {},
            "nMops": 2390,
            "Compiled Times": 19,
            "end_perf": [
                1.134829044342041,
                1.024516,
                0.11268599999999999,
                293400,
                293424,
                1818451336868804,
                73014444033,
                0
            ],
            "nQuads": 1228,
            "nRouts": 106
        },
        "sii_pos": {
            "start_perf": [
                0.89912009239196777,
                0.788802,
                0.11268599999999999,
                290372,
                292700,
                1719419938.407757,
                1818450535411824
            ],
            "Compiled": "Yes",
            "child_modules": {},
            "nMops": 168,
            "Compiled Times": 18,
            "end_perf": [
                0.90023207664489746,
                0.78991400000000001,
                0.11268599999999999,
                290372,
                292700,
                1818450539218328,
                25769803777,
                0
            ],
            "nQuads": 88,
            "nRouts": 18
        },
        "ahb_bus_decoder": {
            "start_perf": [
                0.90025997161865234,
                0.78994200000000003,
                0.11268599999999999,
                290372,
                292700,
                1719419938.4088969,
                1818450539287824
            ],